Reference Designator,Quantity,Manufacturer,Manufacturer Part Number,Description / Value,Package / Footprint,LCSC Part Number,Assembly Type,Purchase URL,Notes
U1,1,STMicroelectronics,STPM32TR,Single-phase energy-metering ASIC,"VQFN-24-EP, 4 x 4 mm, 0.5 mm pitch; Package_DFN_QFN:VQFN-24-1EP_4x4mm_P0.5mm_EP2.45x2.45mm",C128380,SMT,https://www.lcsc.com/product-detail/C128380.html,Inspect exposed-pad paste and voiding during DFM review.
"R1,R2",2,YAGEO,RC0603FR-07100RL,"100 ohm, 1%, 0.1 W thick-film resistor",0603 (1608 Metric); Resistor_SMD:R_0603_1608Metric,C105588,SMT,https://www.lcsc.com/product-detail/C105588.html,
"R3,R4,R6,R7",4,YAGEO,RT0603BRD07100KL,"100 kohm, 0.1%, 25 ppm/C thin-film resistor",0603 (1608 Metric); Resistor_SMD:R_0603_1608Metric,C122538,SMT,https://www.lcsc.com/product-detail/C122538.html,Use one lot for all four voltage-divider resistors.
"R5,R8",2,YAGEO,RT0603BRD072K49L,"2.49 kohm, 0.1%, 25 ppm/C thin-film resistor",0603 (1608 Metric); Resistor_SMD:R_0603_1608Metric,C861299,SMT,https://www.lcsc.com/product-detail/C861299.html,Use one lot for the matched voltage-divider low sides.
"R9,R10",2,YAGEO,RC0603FR-071KL,"1 kohm, 1%, 0.1 W thick-film resistor",0603 (1608 Metric); Resistor_SMD:R_0603_1608Metric,C22548,SMT,https://www.lcsc.com/product-detail/C22548.html,
"R11,R12",2,YAGEO,RC0603FR-0710KL,"10 kohm, 1%, 0.1 W thick-film resistor",0603 (1608 Metric); Resistor_SMD:R_0603_1608Metric,C98220,SMT,https://www.lcsc.com/product-detail/C98220.html,
RB1,1,YAGEO,RC0603FR-072R4L,"2.4 ohm, 1%, 0.1 W CT burden resistor",0603 (1608 Metric); Resistor_SMD:R_0603_1608Metric,C137746,SMT,https://www.lcsc.com/product-detail/C137746.html,About 6 mW at 50 mA RMS. The 200 ppm/C TCR is suitable for development; use a lower-TCR burden for calibration-grade builds.
"C1,C2",2,CCTC,TCC0603X7R334K500CT,"330 nF, 50 V, 10%, X7R MLCC",0603 (1608 Metric); Capacitor_SMD:C_0603_1608Metric,C282682,SMT,https://www.lcsc.com/product-detail/C282682.html,
"C3,C4",2,Samsung Electro-Mechanics,CL10B333KB8NNNC,"33 nF, 50 V, 10%, X7R MLCC",0603 (1608 Metric); Capacitor_SMD:C_0603_1608Metric,C21117,SMT,https://www.lcsc.com/product-detail/C21117.html,
C12,1,Samsung Electro-Mechanics,CL10B104KB8NNNC,"100 nF, 50 V, 10%, X7R MLCC",0603 (1608 Metric); Capacitor_SMD:C_0603_1608Metric,C1591,SMT,https://www.lcsc.com/product-detail/C1591.html,
"C13,C14",2,Samsung Electro-Mechanics,CL10C150JB8NNNC,"15 pF, 50 V, 5%, C0G MLCC",0603 (1608 Metric); Capacitor_SMD:C_0603_1608Metric,C1644,SMT,https://www.lcsc.com/product-detail/C1644.html,
"C9,C10",2,Samsung Electro-Mechanics,CL21B105KAFNNNE,"1 uF, 25 V, 10%, X7R MLCC",0805 (2012 Metric); Capacitor_SMD:C_0805_2012Metric,C116352,SMT,https://www.lcsc.com/product-detail/C116352.html,
C11,1,Samsung Electro-Mechanics,CL21A475KOFNNNG,"4.7 uF, 16 V, 10%, X5R MLCC",0805 (2012 Metric); Capacitor_SMD:C_0805_2012Metric,C16194928,SMT,https://www.lcsc.com/product-detail/C16194928.html,
Y1,1,YXC,X322516MOB4SI,"16 MHz, 12 pF load crystal",SMD3225-4P; Crystal:Crystal_SMD_3225-4Pin_3.2x2.5mm,C12668,SMT,https://www.lcsc.com/product-detail/C12668.html,12 pF load is consistent with two 15 pF capacitors plus estimated pin and PCB stray capacitance; verify oscillator margin on prototypes.
SW1,1,C&K,RS-282G05A3-SMRT,Momentary SPST reset switch,C&K RS-282G05A3 SMD; Button_Switch_SMD:SW_SPST_CK_RS282G05A3,C221930,SMT,https://www.lcsc.com/product-detail/C221930.html,
J1,1,XFCN,PZ254V-11-12P,Single-row male pin header,"1x12, 2.54 mm pitch, vertical THT; Connector_PinHeader_2.54mm:PinHeader_1x12_P2.54mm_Vertical",C2840012,THT,https://www.lcsc.com/product-detail/C2840012.html,Quote THT assembly separately and confirm pin protrusion suits breadboards.
