Ref,Val,Package,PosX,PosY,Rot,Side
"C1","330n","C_0603_1608Metric",39.000000,-27.800000,90.000000,top
"C2","330n","C_0603_1608Metric",39.000000,-31.200000,90.000000,top
"C3","330n","C_0603_1608Metric",39.000000,-35.300000,90.000000,top
"C4","330n","C_0603_1608Metric",39.000000,-38.700000,90.000000,top
"C5","33n","C_0603_1608Metric",44.500000,-47.000000,90.000000,top
"C6","33n","C_0603_1608Metric",44.500000,-52.000000,90.000000,top
"C7","33n","C_0603_1608Metric",69.000000,-53.000000,90.000000,top
"C8","33n","C_0603_1608Metric",69.000000,-58.000000,90.000000,top
"C9","1u","C_0805_2012Metric",69.500000,-30.500000,90.000000,top
"C10","1u","C_0805_2012Metric",70.500000,-35.000000,90.000000,top
"C11","4.7u","C_0805_2012Metric",70.500000,-39.500000,90.000000,top
"C12","100n","C_0603_1608Metric",56.000000,-46.200000,90.000000,top
"C13","15p","C_0603_1608Metric",55.200000,-23.800000,90.000000,top
"C14","15p","C_0603_1608Metric",55.200000,-27.000000,90.000000,top
"C15","100n","C_0603_1608Metric",62.500000,-46.200000,90.000000,top
"J1","ANALOG I/O","PinHeader_1x08_P2.54mm_Vertical",32.000000,-66.400000,90.000000,top
"J2","HOST I/O","PinHeader_1x10_P2.54mm_Vertical",62.000000,-66.400000,90.000000,top
"R1","100R","R_0603_1608Metric",34.000000,-27.800000,0.000000,top
"R2","100R","R_0603_1608Metric",34.000000,-31.200000,0.000000,top
"R3","100R","R_0603_1608Metric",34.000000,-35.300000,0.000000,top
"R4","100R","R_0603_1608Metric",34.000000,-38.700000,0.000000,top
"R5","100k","R_0603_1608Metric",27.500000,-47.000000,0.000000,top
"R6","100k","R_0603_1608Metric",32.000000,-47.000000,0.000000,top
"R7","2.49k","R_0603_1608Metric",36.500000,-47.000000,0.000000,top
"R8","100k","R_0603_1608Metric",27.500000,-52.000000,0.000000,top
"R9","100k","R_0603_1608Metric",32.000000,-52.000000,0.000000,top
"R10","2.49k","R_0603_1608Metric",36.500000,-52.000000,0.000000,top
"R11","1k","R_0603_1608Metric",41.000000,-47.000000,0.000000,top
"R12","1k","R_0603_1608Metric",41.000000,-52.000000,0.000000,top
"R13","10k","R_0603_1608Metric",80.000000,-35.000000,0.000000,top
"R14","10k","R_0603_1608Metric",79.000000,-42.000000,0.000000,top
"R15","100k","R_0603_1608Metric",52.000000,-53.000000,0.000000,top
"R16","100k","R_0603_1608Metric",56.500000,-53.000000,0.000000,top
"R17","2.49k","R_0603_1608Metric",61.000000,-53.000000,0.000000,top
"R18","100k","R_0603_1608Metric",52.000000,-58.000000,0.000000,top
"R19","100k","R_0603_1608Metric",56.500000,-58.000000,0.000000,top
"R20","2.49k","R_0603_1608Metric",61.000000,-58.000000,0.000000,top
"R21","1k","R_0603_1608Metric",65.500000,-53.000000,0.000000,top
"R22","1k","R_0603_1608Metric",65.500000,-58.000000,0.000000,top
"RB1","2.4R","R_0603_1608Metric",28.500000,-29.500000,0.000000,top
"RB2","2.4R","R_0603_1608Metric",28.500000,-37.000000,0.000000,top
"SW1","RESET","SW_SPST_CK_RS282G05A3",89.000000,-38.000000,90.000000,top
"U1","STPM34","QFN-32-1EP_5x5mm_P0.5mm_EP3.45x3.45mm",58.000000,-39.000000,0.000000,top
"Y1","16MHz","Crystal_SMD_3225-4Pin_3.2x2.5mm",52.000000,-24.800000,0.000000,top
